project_name,project_type,state,district,village,latitude,longitude,budget,contractor_id,start_date,expected_end_date,status,progress_percent,claimed_completion,observed_completion,financial_paid,emb_completion,risk_score,risk_level
Village Road,Road,Uttar Pradesh,Lucknow,Rampur,26.8467,80.9462,5000000,1,2024-01-15,2024-06-15,Delayed,40,100,48,4700000,97,91,High
Community Well,Well,Bihar,Patna,Danapur,25.5941,85.1376,2000000,2,2024-02-01,2024-05-01,Completed,100,100,95,1950000,100,12,Low
School Building,Building,Maharashtra,Pune,Wagholi,18.5204,73.8567,8000000,3,2023-11-01,2024-05-01,Suspicious,10,100,22,7600000,95,87,High
Flood Control Wall,Wall,West Bengal,Howrah,Bagnan,22.5804,88.2604,12000000,1,2023-08-01,2024-02-01,Delayed,25,80,30,11400000,78,82,High
Panchayat Bhavan,Building,Rajasthan,Jaipur,Chomu,27.1667,75.7167,6000000,2,2024-03-01,2024-09-01,On Track,60,60,58,3000000,60,18,Low
Canal Repair,Canal,Madhya Pradesh,Bhopal,Berasia,23.6333,77.4333,3500000,3,2023-06-01,2023-12-01,Suspicious,5,100,12,3400000,98,89,High
Bridge Construction,Bridge,Odisha,Cuttack,Banki,20.3833,85.5333,25000000,1,2022-01-01,2024-01-01,Delayed,30,70,35,23000000,72,79,High
Tube Well,Well,Tamil Nadu,Madurai,Melur,9.9167,78.3333,1500000,2,2024-04-01,2024-07-01,Completed,100,100,98,1480000,100,8,Low

